Flag of Afghanistan.gif	Flag of Afghanistan	1
Flag of Akrotiri.gif	Flag of Akrotiri	1
Flag of Albania.gif	Flag of Albania	1
Flag of Algeria.gif	Flag of Algeria	1
Flag of American Samoa.gif	Flag of American Samoa	1
Flag of Andorra.gif	Flag of Andorra	1
Flag of Angola.gif	Flag of Angola	1
Flag of Anguilla.gif	Flag of Anguilla	1
Flag of Antigua and Barbuda.gif	Flag of Antigua and Barbuda	1
Flag of Argentina.gif	Flag of Argentina	1
Flag of Armenia.gif	Flag of Armenia	1
Flag of Aruba.gif	Flag of Aruba	1
Flag of Ashmore and Cartier Islands.gif	Flag of Ashmore and Cartier Islands	1
Flag of Australia.gif	Flag of Australia	1
Flag of Austria.gif	Flag of Austria	1
Flag of Azerbaijan.gif	Flag of Azerbaijan	1
Flag of Bahamas.gif	Flag of Bahamas	1
Flag of Bahrain.gif	Flag of Bahrain	1
Flag of Bangladesh.gif	Flag of Bangladesh	1
Flag of Barbados.gif	Flag of Barbados	1
Flag of Belarus.gif	Flag of Belarus	1
Flag of Belgium.gif	Flag of Belgium	1
Flag of Belize.gif	Flag of Belize	1
Flag of Benin.gif	Flag of Benin	1
Flag of Bermuda.gif	Flag of Bermuda	1
Flag of Bhutan.gif	Flag of Bhutan	1
Flag of Bolivia.gif	Flag of Bolivia	1
Flag of Bosnia and Herzegovina.gif	Flag of Bosnia and Herzegovina	1
Flag of Botswana.gif	Flag of Botswana	1
Flag of Bouvet Island.gif	Flag of Bouvet Island	1
Flag of Brazil.gif	Flag of Brazil	1
Flag of British Indian Ocean Territory.gif	Flag of British Indian Ocean Territory	1
Flag of British Virgin Islands.gif	Flag of British Virgin Islands	1
Flag of Brunei.gif	Flag of Brunei	1
Flag of Bulgaria.gif	Flag of Bulgaria	1
Flag of Burkina Faso.gif	Flag of Burkina Faso	1
Flag of Burma.gif	Flag of Burma	1
Flag of Burundi.gif	Flag of Burundi	1
Flag of Cambodia.gif	Flag of Cambodia	1
Flag of Cameroon.gif	Flag of Cameroon	1
Flag of Canada.gif	Flag of Canada	1
Flag of Cape Verde.gif	Flag of Cape Verde	1
Flag of Cayman Islands.gif	Flag of Cayman Islands	1
Flag of Central African Republic.gif	Flag of Central African Republic	1
Flag of Chad.gif	Flag of Chad	1
Flag of Chile.gif	Flag of Chile	1
Flag of China.gif	Flag of China	1
Flag of Christmas Island.gif	Flag of Christmas Island	1
Flag of Clipperton Island.gif	Flag of Clipperton Island	1
Flag of Cocos (Keeling) Islands.gif	Flag of Cocos (Keeling) Islands	1
Flag of Colombia.gif	Flag of Colombia	1
Flag of Comoros.gif	Flag of Comoros	1
Flag of Congo Democratic Republic of the.gif	Flag of Congo Democratic Republic of the	1
Flag of Congo Republic of the.gif	Flag of Congo Republic of the	1
Flag of Cook Islands.gif	Flag of Cook Islands	1
Flag of Coral Sea Islands.gif	Flag of Coral Sea Islands	1
Flag of Costa Rica.gif	Flag of Costa Rica	1
Flag of Cote d'Ivoire.gif	Flag of Cote d'Ivoire	1
Flag of Croatia.gif	Flag of Croatia	1
Flag of Cuba.gif	Flag of Cuba	1
Flag of Cyprus.gif	Flag of Cyprus	1
Flag of Czech Republic.gif	Flag of Czech Republic	1
Flag of Denmark.gif	Flag of Denmark	1
Flag of Dhekelia.gif	Flag of Dhekelia	1
Flag of Djibouti.gif	Flag of Djibouti	1
Flag of Dominica.gif	Flag of Dominica	1
Flag of Dominican Republic.gif	Flag of Dominican Republic	1
Flag of Ecuador.gif	Flag of Ecuador	1
Flag of Egypt.gif	Flag of Egypt	1
Flag of El Salvador.gif	Flag of El Salvador	1
Flag of Equatorial Guinea.gif	Flag of Equatorial Guinea	1
Flag of Eritrea.gif	Flag of Eritrea	1
Flag of Estonia.gif	Flag of Estonia	1
Flag of Ethiopia.gif	Flag of Ethiopia	1
Flag of European Union.gif	Flag of European Union	1
Flag of Falkland Islands (Islas Malvinas).gif	Flag of Falkland Islands (Islas Malvinas)	1
Flag of Faroe Islands.gif	Flag of Faroe Islands	1
Flag of Fiji.gif	Flag of Fiji	1
Flag of Finland.gif	Flag of Finland	1
Flag of France.gif	Flag of France	1
Flag of French Polynesia.gif	Flag of French Polynesia	1
Flag of French Southern and Antarctic Lands.gif	Flag of French Southern and Antarctic Lands	1
Flag of Gabon.gif	Flag of Gabon	1
Flag of Gambia The.gif	Flag of Gambia The	1
Flag of Georgia.gif	Flag of Georgia	1
Flag of Germany.gif	Flag of Germany	1
Flag of Ghana.gif	Flag of Ghana	1
Flag of Gibraltar.gif	Flag of Gibraltar	1
Flag of Greece.gif	Flag of Greece	1
Flag of Greenland.gif	Flag of Greenland	1
Flag of Grenada.gif	Flag of Grenada	1
Flag of Guam.gif	Flag of Guam	1
Flag of Guatemala.gif	Flag of Guatemala	1
Flag of Guernsey.gif	Flag of Guernsey	1
Flag of Guinea-Bissau.gif	Flag of Guinea-Bissau	1
Flag of Guinea.gif	Flag of Guinea	1
Flag of Guyana.gif	Flag of Guyana	1
Flag of Haiti.gif	Flag of Haiti	1
Flag of Heard Island and McDonald Islands.gif	Flag of Heard Island and McDonald Islands	1
Flag of Holy See (Vatican City).gif	Flag of Holy See (Vatican City)	1
Flag of Honduras.gif	Flag of Honduras	1
Flag of Hong Kong.gif	Flag of Hong Kong	1
Flag of Hungary.gif	Flag of Hungary	1
Flag of Iceland.gif	Flag of Iceland	1
Flag of India.gif	Flag of India	1
Flag of Indonesia.gif	Flag of Indonesia	1
Flag of Iran.gif	Flag of Iran	1
Flag of Iraq.gif	Flag of Iraq	1
Flag of Ireland.gif	Flag of Ireland	1
Flag of Isle of Man.gif	Flag of Isle of Man	1
Flag of Israel.gif	Flag of Israel	1
Flag of Italy.gif	Flag of Italy	1
Flag of Jamaica.gif	Flag of Jamaica	1
Flag of Jan Mayen.gif	Flag of Jan Mayen	1
Flag of Japan.gif	Flag of Japan	1
Flag of Jersey.gif	Flag of Jersey	1
Flag of Jordan.gif	Flag of Jordan	1
Flag of Kazakhstan.gif	Flag of Kazakhstan	1
Flag of Kenya.gif	Flag of Kenya	1
Flag of Kiribati.gif	Flag of Kiribati	1
Flag of Korea North.gif	Flag of Korea North	1
Flag of Korea South.gif	Flag of Korea South	1
Flag of Kosovo.gif	Flag of Kosovo	1
Flag of Kuwait.gif	Flag of Kuwait	1
Flag of Kyrgyzstan.gif	Flag of Kyrgyzstan	1
Flag of Laos.gif	Flag of Laos	1
Flag of Latvia.gif	Flag of Latvia	1
Flag of Lebanon.gif	Flag of Lebanon	1
Flag of Lesotho.gif	Flag of Lesotho	1
Flag of Liberia.gif	Flag of Liberia	1
Flag of Libya.gif	Flag of Libya	1
Flag of Liechtenstein.gif	Flag of Liechtenstein	1
Flag of Lithuania.gif	Flag of Lithuania	1
Flag of Luxembourg.gif	Flag of Luxembourg	1
Flag of Macau.gif	Flag of Macau	1
Flag of Macedonia.gif	Flag of Macedonia	1
Flag of Madagascar.gif	Flag of Madagascar	1
Flag of Malawi.gif	Flag of Malawi	1
Flag of Malaysia.gif	Flag of Malaysia	1
Flag of Maldives.gif	Flag of Maldives	1
Flag of Mali.gif	Flag of Mali	1
Flag of Malta.gif	Flag of Malta	1
Flag of Marshall Islands.gif	Flag of Marshall Islands	1
Flag of Mauritania.gif	Flag of Mauritania	1
Flag of Mauritius.gif	Flag of Mauritius	1
Flag of Mayotte.gif	Flag of Mayotte	1
Flag of Mexico.gif	Flag of Mexico	1
Flag of Micronesia Federated States of.gif	Flag of Micronesia Federated States of	1
Flag of Moldova.gif	Flag of Moldova	1
Flag of Monaco.gif	Flag of Monaco	1
Flag of Mongolia.gif	Flag of Mongolia	1
Flag of Montenegro.gif	Flag of Montenegro	1
Flag of Montserrat.gif	Flag of Montserrat	1
Flag of Morocco.gif	Flag of Morocco	1
Flag of Mozambique.gif	Flag of Mozambique	1
Flag of Namibia.gif	Flag of Namibia	1
Flag of Nauru.gif	Flag of Nauru	1
Flag of Navassa Island.gif	Flag of Navassa Island	1
Flag of Nepal.gif	Flag of Nepal	1
Flag of Netherlands Antilles.gif	Flag of Netherlands Antilles	1
Flag of Netherlands.gif	Flag of Netherlands	1
Flag of New Caledonia.gif	Flag of New Caledonia	1
Flag of New Zealand.gif	Flag of New Zealand	1
Flag of Nicaragua.gif	Flag of Nicaragua	1
Flag of Niger.gif	Flag of Niger	1
Flag of Nigeria.gif	Flag of Nigeria	1
Flag of Niue.gif	Flag of Niue	1
Flag of Norfolk Island.gif	Flag of Norfolk Island	1
Flag of Northern Mariana Islands.gif	Flag of Northern Mariana Islands	1
Flag of Norway.gif	Flag of Norway	1
Flag of Oman.gif	Flag of Oman	1
Flag of Pakistan.gif	Flag of Pakistan	1
Flag of Palau.gif	Flag of Palau	1
Flag of Panama.gif	Flag of Panama	1
Flag of Papua New Guinea.gif	Flag of Papua New Guinea	1
Flag of Paraguay.gif	Flag of Paraguay	1
Flag of Peru.gif	Flag of Peru	1
Flag of Philippines.gif	Flag of Philippines	1
Flag of Pitcairn Islands.gif	Flag of Pitcairn Islands	1
Flag of Poland.gif	Flag of Poland	1
Flag of Portugal.gif	Flag of Portugal	1
Flag of Puerto Rico.gif	Flag of Puerto Rico	1
Flag of Qatar.gif	Flag of Qatar	1
Flag of Romania.gif	Flag of Romania	1
Flag of Russia.gif	Flag of Russia	1
Flag of Rwanda.gif	Flag of Rwanda	1
Flag of Saint Barthelemy.gif	Flag of Saint Barthelemy	1
Flag of Saint Helena Ascension and Tristan da Cunha.gif	Flag of Saint Helena Ascension and Tristan da Cunha	1
Flag of Saint Kitts and Nevis.gif	Flag of Saint Kitts and Nevis	1
Flag of Saint Lucia.gif	Flag of Saint Lucia	1
Flag of Saint Martin.gif	Flag of Saint Martin	1
Flag of Saint Pierre and Miquelon.gif	Flag of Saint Pierre and Miquelon	1
Flag of Saint Vincent and the Grenadines.gif	Flag of Saint Vincent and the Grenadines	1
Flag of Samoa.gif	Flag of Samoa	1
Flag of San Marino.gif	Flag of San Marino	1
Flag of Sao Tome and Principe.gif	Flag of Sao Tome and Principe	1
Flag of Saudi Arabia.gif	Flag of Saudi Arabia	1
Flag of Senegal.gif	Flag of Senegal	1
Flag of Serbia.gif	Flag of Serbia	1
Flag of Seychelles.gif	Flag of Seychelles	1
Flag of Sierra Leone.gif	Flag of Sierra Leone	1
Flag of Singapore.gif	Flag of Singapore	1
Flag of Slovakia.gif	Flag of Slovakia	1
Flag of Slovenia.gif	Flag of Slovenia	1
Flag of Solomon Islands.gif	Flag of Solomon Islands	1
Flag of Somalia.gif	Flag of Somalia	1
Flag of South Africa.gif	Flag of South Africa	1
Flag of South Georgia and South Sandwich Islands.gif	Flag of South Georgia and South Sandwich Islands	1
Flag of Spain.gif	Flag of Spain	1
Flag of Sri Lanka.gif	Flag of Sri Lanka	1
Flag of Sudan.gif	Flag of Sudan	1
Flag of Suriname.gif	Flag of Suriname	1
Flag of Svalbard.gif	Flag of Svalbard	1
Flag of Swaziland.gif	Flag of Swaziland	1
Flag of Sweden.gif	Flag of Sweden	1
Flag of Switzerland.gif	Flag of Switzerland	1
Flag of Syria.gif	Flag of Syria	1
Flag of Taiwan.gif	Flag of Taiwan	1
Flag of Tajikistan.gif	Flag of Tajikistan	1
Flag of Tanzania.gif	Flag of Tanzania	1
Flag of Thailand.gif	Flag of Thailand	1
Flag of Timor-Leste.gif	Flag of Timor-Leste	1
Flag of Togo.gif	Flag of Togo	1
Flag of Tokelau.gif	Flag of Tokelau	1
Flag of Tonga.gif	Flag of Tonga	1
Flag of Trinidad and Tobago.gif	Flag of Trinidad and Tobago	1
Flag of Tunisia.gif	Flag of Tunisia	1
Flag of Turkey.gif	Flag of Turkey	1
Flag of Turkmenistan.gif	Flag of Turkmenistan	1
Flag of Turks and Caicos Islands.gif	Flag of Turks and Caicos Islands	1
Flag of Tuvalu.gif	Flag of Tuvalu	1
Flag of Uganda.gif	Flag of Uganda	1
Flag of Ukraine.gif	Flag of Ukraine	1
Flag of United Arab Emirates.gif	Flag of United Arab Emirates	1
Flag of United Kingdom.gif	Flag of United Kingdom	1
Flag of United States Pacific Island Wildlife Refuges.gif	Flag of United States Pacific Island Wildlife Refuges	1
Flag of United States.gif	Flag of United States	1
Flag of Uruguay.gif	Flag of Uruguay	1
Flag of Uzbekistan.gif	Flag of Uzbekistan	1
Flag of Vanuatu.gif	Flag of Vanuatu	1
Flag of Venezuela.gif	Flag of Venezuela	1
Flag of Vietnam.gif	Flag of Vietnam	1
Flag of Virgin Islands.gif	Flag of Virgin Islands	1
Flag of Wake Island.gif	Flag of Wake Island	1
Flag of Wallis and Futuna.gif	Flag of Wallis and Futuna	1
Flag of Yemen.gif	Flag of Yemen	1
Flag of Zambia.gif	Flag of Zambia	1
Flag of Zimbabwe.gif	Flag of Zimbabwe	1
